q_idx,ind_time,inf_time
3,0.21430086700274842,0.010661112999514444
