q_idx,ind_time,inf_time
3,2.416426430994761,2.416426430994761
